RP,PERSPVALUE,EP,RP,PERSPVALUE,EP,RP,PERSPVALUE,EP,RP,PERSPVALUE,EP
0,,,6,0,0.1789152077,0,,,6,9908828.088,0.1789152077
0,,,7,126.69148,0.1425002897,0,,,7,12440941.23,0.1425002897
0,,,7,253.3829601,0.1390783223,0,,,7,12747041.02,0.1390783223
0,,,7,380.0744401,0.1369292349,0,,,7,12947099.27,0.1369292349
0,,,7,506.7659202,0.1353282357,0,,,7,13100264.54,0.1353282357
0,,,8,760.1488803,0.1329413926,0,,,8,13335456.63,0.1329413926
6,0,0.1789152077,8,1013.53184,0.1311431881,6,9993114.493,0.1789152077,8,13518297.12,0.1311431881
9,19003.72201,0.1091549912,8,1520.297761,0.1284543225,9,16373573.79,0.1091549912,8,13801241.88,0.1284543225
10,38007.44401,0.1005377303,8,2027.063681,0.1264418646,10,17774537.55,0.1005377303,8,14020875.21,0.1264418646
10,57011.16602,0.0957626337,8,3040.595521,0.1234694379,10,18658475.99,0.0957626337,8,14358355.43,0.1234694379
11,76014.88803,0.09235836583,8,4054.127361,0.1212599177,11,19343763.37,0.09235836583,8,14619919.5,0.1212599177
11,95018.61003,0.08959205676,8,6081.191042,0.117978102,11,19938394.9,0.08959205676,8,15026463.17,0.117978102
11,114022.332,0.08730526043,9,8108.254723,0.1155154043,11,20457905.77,0.08730526043,9,15346664.31,0.1155154043
12,133026.054,0.08537480586,9,12162.38208,0.1118395954,12,20917697.15,0.08537480586,9,15850726.85,0.1118395954
12,152029.7761,0.08368206373,9,16216.50945,0.1090785323,12,21337942.57,0.08368206373,9,16251591.05,0.1090785323
12,171033.4981,0.082173905,10,24324.76417,0.1049639185,12,21726598.67,0.082173905,10,16887863.18,0.1049639185
12,190037.2201,0.08081385834,10,28378.89153,0.1033311279,12,22089205.43,0.08081385834,10,17154300.95,0.1033311279
13,209040.9421,0.07960574302,10,32433.01889,0.1018868601,13,22421408.11,0.07960574302,10,17397035.79,0.1018868601
13,228044.6641,0.07844476438,10,40541.27361,0.09941328683,13,22750009.42,0.07844476438,10,17828996.05,0.09941328683
13,247048.3861,0.07741909544,10,48649.52834,0.09733889253,13,23048260.56,0.07741909544,10,18208000.35,0.09733889253
13,266052.1081,0.07643738273,10,56757.78306,0.09554976805,13,23340982.67,0.07643738273,10,18547949.75,0.09554976805
13,285055.8301,0.07552868958,11,64866.03778,0.09397539407,13,23618485.13,0.07552868958,11,18857665.6,0.09397539407
13,304059.5521,0.07467848948,11,81082.54723,0.09129726635,13,23884023.51,0.07467848948,11,19408698.55,0.09129726635
14,323063.2741,0.07386226716,11,97299.05667,0.08906890238,14,24144491.24,0.07386226716,11,19892042.28,0.08906890238
14,342066.9961,0.07311288442,11,113515.5661,0.087159207,14,24388555.57,0.07311288442,11,20325575.88,0.087159207
14,361070.7181,0.07238469624,12,129732.0756,0.0854874011,14,24630367.03,0.07238469624,12,20720687.74,0.0854874011
14,380074.4401,0.07170251145,12,145948.585,0.08400007007,14,24861177.12,0.07170251145,12,21085133.96,0.08400007007
14,399078.1621,0.07104808351,12,162165.0945,0.08266003075,14,25086586.43,0.07104808351,12,21424457.16,0.08266003075
14,418081.8841,0.07041867529,12,178381.6039,0.08144033064,14,25307160.59,0.07041867529,12,21742772.8,0.08144033064
14,456089.3282,0.06924397387,12,194598.1133,0.0803208114,14,25729073.29,0.06924397387,12,22043226.35,0.0803208114
15,494096.7722,0.0681633319,13,227031.1322,0.07832373653,15,26129442.67,0.0681633319,13,22599902.56,0.07832373653
15,513100.4942,0.06765004104,13,259464.1511,0.07657992986,15,26323877.31,0.06765004104,13,23108987.44,0.07657992986
15,551107.9382,0.06667394147,13,291897.17,0.07503124154,15,26701466.19,0.06667394147,13,23580280.13,0.07503124154
15,570111.6602,0.06621571474,14,324330.1889,0.07363756222,15,26882366.44,0.06621571474,14,24020733.83,0.07363756222
15,608119.1042,0.06533151674,14,356763.2078,0.07237005051,15,27238219.8,0.06533151674,14,24435476.04,0.07237005051
16,646126.5482,0.06449772334,14,389196.2267,0.07120728594,16,27582234.38,0.06449772334,14,24828399.57,0.07120728594
16,684133.9922,0.06372432646,14,421629.2456,0.07013291799,16,27908916.6,0.06372432646,14,25202535.92,0.07013291799
16,722141.4363,0.06297046393,14,454062.2645,0.06913419094,16,28234615.6,0.06297046393,14,25560291.84,0.06913419094
16,779152.6023,0.06191471694,15,486495.2834,0.0682009502,16,28703262.13,0.06191471694,15,25903615.83,0.0682009502
16,817160.0463,0.06126311617,15,518928.3023,0.06732498725,16,29000063.69,0.06126311617,15,26234106.06,0.06732498725
16,855167.4903,0.0606269937,15,551361.3212,0.06649955359,16,29295570.5,0.0606269937,15,26553097.5,0.06649955359
17,912178.6563,0.05972483793,15,583794.34,0.0657190548,17,29724737.96,0.05972483793,15,26861709.16,0.0657190548
17,950186.1003,0.05915991661,15,616227.3589,0.0649787757,17,29999689.22,0.05915991661,15,27160898.95,0.0649787757
17,988193.5443,0.05860932408,16,648660.3778,0.06427472003,17,30272409.92,0.05860932408,16,27451487.68,0.06427472003
17,1045204.71,0.0578211913,16,713526.4156,0.06296202829,17,30671180.41,0.0578211913,16,28009622.1,0.06296202829
17,1083212.154,0.05732222683,16,778392.4534,0.06175869832,17,30928895.92,0.05732222683,16,28540837.67,0.06175869832
18,1121219.598,0.05683651348,16,843258.4912,0.06064766928,18,31183788.7,0.05683651348,16,29048834.92,0.06064766928
18,1178230.764,0.05613628358,17,908124.529,0.05961558794,18,31558426.06,0.05613628358,17,29536576.07,0.05961558794
18,1235241.93,0.05546737009,17,972990.5667,0.05865178437,18,31924454.86,0.05546737009,17,30006484.11,0.05865178437
18,1292253.096,0.05482945421,17,1037856.605,0.05774761085,18,32281178.31,0.05482945421,17,30460563.35,0.05774761085
19,1368267.984,0.05401865053,18,1102722.642,0.05689593634,19,32745742.27,0.05401865053,18,30900505.96,0.05689593634
19,1425279.15,0.05343742992,18,1167588.68,0.05609084379,19,33086714.25,0.05343742992,18,31327739,0.05609084379
19,1482290.317,0.05287978169,18,1232454.718,0.05532734112,19,33420302,0.05287978169,18,31743493.52,0.05532734112
19,1558305.205,0.05216420925,18,1297320.756,0.05460120188,19,33857896.36,0.05216420925,18,32148827.31,0.05460120188
19,1615316.371,0.05165049005,19,1362186.793,0.05390879895,19,34178866.72,0.05165049005,19,32544666.53,0.05390879895
20,1672327.537,0.05115368579,19,1427052.831,0.05324701974,20,34494846.86,0.05115368579,19,32931814.08,0.05324701974
20,1729338.703,0.05067225865,19,1491918.869,0.05261315539,20,34806416.32,0.05067225865,19,33310981.35,0.05261315539
20,1805353.591,0.05005185135,19,1556784.907,0.05200485286,20,35215945.23,0.05005185135,19,33682790.64,0.05200485286
20,1881368.479,0.04946290926,19,1621650.945,0.0514200365,20,35613303.98,0.04946290926,19,34047801.01,0.0514200365
20,1957383.367,0.04888423439,20,1686516.982,0.05085689287,20,36012161.19,0.04888423439,20,34406499.98,0.05085689287
21,2071405.699,0.04806140618,20,1751383.02,0.05031380527,21,36594214.93,0.04806140618,20,34759329.65,0.05031380527
21,2204431.753,0.04715443086,20,1816249.058,0.04978934643,21,37256952.44,0.04715443086,20,35106679.04,0.04978934643
22,2337457.807,0.04629858411,20,1945981.133,0.04879132177,22,37903681.97,0.04629858411,20,35786306.71,0.04879132177
22,2470483.861,0.04548803331,21,2075713.209,0.04785409751,22,38536250.96,0.04548803331,21,36447800.33,0.04785409751
22,2603509.915,0.04471804856,21,2205445.285,0.04697056696,22,39156109.77,0.04471804856,21,37093129.52,0.04697056696
23,2717532.247,0.04408714969,22,2335177.36,0.04613489173,23,39678371.38,0.04408714969,22,37723900.84,0.04613489173
23,2850558.301,0.04338242914,22,2464909.436,0.04534218761,23,40277696.73,0.04338242914,22,38341457.45,0.04534218761
23,2983584.355,0.04270901142,22,2594641.511,0.0445883459,23,40866783.35,0.04270901142,22,38946914.74,0.0445883459
24,3116610.409,0.04206495467,23,2724373.587,0.04386984961,24,41445794.84,0.04206495467,23,39541226.5,0.04386984961
24,3230632.741,0.04153470806,23,2854105.662,0.0431836892,24,41934390.79,0.04153470806,23,40125191.4,0.0431836892
24,3363658.795,0.04093799195,24,2983837.738,0.04252723605,24,42497570.99,0.04093799195,24,40699508.99,0.04252723605
25,3496684.849,0.04036448286,24,3113569.814,0.04189820257,25,43052650.78,0.04036448286,24,41264774.7,0.04189820257
25,3629710.903,0.03981261746,24,3243301.889,0.04129455208,25,43600036.61,0.03981261746,24,41821527.01,0.04129455208
25,3743733.235,0.03935679212,25,3373033.965,0.04071450074,25,44062307.52,0.03935679212,25,42370219.12,0.04071450074
26,3876759.289,0.03884147253,25,3502766.04,0.040156435,26,44596341.75,0.03884147253,25,42911272.96,0.040156435
26,4009785.343,0.03834410537,25,3632498.116,0.03961891774,26,45123658.82,0.03834410537,25,43445055.49,0.03961891774
26,4123807.675,0.03793199943,26,3762230.191,0.03910063797,26,45569714.32,0.03793199943,26,43971911.97,0.03910063797
27,4256833.729,0.0374652119,26,3891962.267,0.03860042312,27,46085269.53,0.0374652119,26,44492140.28,0.03860042312
27,4389859.784,0.03701355262,26,4021694.343,0.03811719028,27,46594870.98,0.03701355262,26,45006028.99,0.03811719028
27,4503882.116,0.03663830763,27,4151426.418,0.03764996382,27,47026545.54,0.03663830763,27,45513829.17,0.03764996382
28,4636908.17,0.03621258608,27,4281158.494,0.03719782444,28,47525667.54,0.03621258608,27,46015800.54,0.03719782444
28,4769934.224,0.03579975927,27,4410890.569,0.0367599565,28,48019474.54,0.03579975927,27,46512152.03,0.0367599565
28,4902960.278,0.03539916178,28,4540622.645,0.03633558432,28,48508158.76,0.03539916178,28,47003105.38,0.03633558432
29,5035986.332,0.03501016894,28,4670354.72,0.03592400397,29,48991910.7,0.03501016894,28,47488853.73,0.03592400397
29,5188016.108,0.03457852488,28,4800086.796,0.03552454704,29,49539664.03,0.03457852488,28,47969598.36,0.03552454704
30,5454068.216,0.03385695795,28,4929818.871,0.03513661147,30,50482061.03,0.03385695795,28,48445507.23,0.03513661147
30,5701116.602,0.03322066525,29,5059550.947,0.03475962052,30,51342139.7,0.03322066525,29,48916759.98,0.03475962052
31,5967168.71,0.0325682063,29,5189283.023,0.03439305,31,52253829.45,0.0325682063,29,49383510.73,0.03439305
31,6233220.818,0.0319479984,30,5448747.174,0.03368918637,31,53149811.98,0.0319479984,30,50304144.3,0.03368918637
32,6480269.204,0.03139788146,30,5708211.325,0.03302142561,32,53969665.35,0.03139788146,30,51208588.71,0.03302142561
32,6746321.312,0.03083088631,31,5967675.476,0.03238658772,32,54840572.27,0.03083088631,31,52097938.5,0.03238658772
33,6993369.698,0.03032721187,31,6227139.627,0.0317818801,33,55637270.27,0.03032721187,31,52973181.62,0.0317818801
34,7259421.807,0.02980606591,32,6486603.778,0.03120480576,34,56485461.59,0.02980606591,32,53835262.8,0.03120480576
34,7525473.915,0.02930618417,33,6746067.929,0.03065317135,34,57322851.43,0.02930618417,33,54685014.53,0.03065317135
35,7772522.301,0.0288601233,33,7005532.081,0.03012499935,35,58090608.45,0.0288601233,33,55523238.23,0.03012499935
35,8038574.409,0.02839688609,34,7264996.232,0.02961853762,35,58909275.22,0.02839688609,34,56350647.65,0.02961853762
36,8285622.795,0.02798261298,34,7524460.383,0.02913219692,36,59660570,0.02798261298,34,57167930.87,0.02913219692
36,8551674.903,0.02755143606,35,7783924.534,0.02866457223,36,60462500.38,0.02755143606,35,57975682.21,0.02866457223
37,8798723.289,0.02716499261,35,8043388.685,0.02821437881,37,61199215.59,0.02716499261,35,58774480.4,0.02821437881
37,9064775.397,0.02676206245,36,8302852.836,0.02778047297,37,61986155.64,0.02676206245,36,59564827.82,0.02778047297
38,9311823.783,0.02640023837,37,8562316.987,0.02736179358,38,62709767.88,0.02640023837,37,60347233.27,0.02736179358
38,9577875.891,0.02602237443,37,8821781.138,0.02695741364,38,63483213.5,0.02602237443,37,61122096.93,0.02695741364
39,9824924.277,0.02568247947,38,9081245.29,0.02656646063,39,64194989.32,0.02568247947,38,61889841.16,0.02656646063
39,10090976.39,0.02532701908,38,9340709.441,0.02618815918,39,64956196.9,0.02532701908,38,62650814.49,0.02618815918
40,10338024.77,0.02500679428,39,9600173.592,0.02582177872,40,65657192.33,0.02500679428,39,63405380.99,0.02582177872
41,10604076.88,0.02467147852,39,9859637.743,0.02546667393,41,66407239.93,0.02467147852,39,64153826.54,0.02546667393
41,10851125.27,0.02436899118,40,10119101.89,0.02512223365,41,67098379.99,0.02436899118,40,64896452.4,0.02512223365
42,11117177.37,0.02405189788,40,10378566.05,0.02478791209,42,67838173.82,0.02405189788,40,65633500.24,0.02478791209
42,11364225.76,0.02376550085,41,10638030.2,0.02446317987,42,68520227.54,0.02376550085,41,66365250.13,0.02446317987
43,11630277.87,0.02346496778,41,10897494.35,0.02414757978,43,69250562.63,0.02346496778,41,67091889.09,0.02414757978
43,11877326.25,0.02319322816,42,11156958.5,0.02384066336,43,69924213.92,0.02319322816,42,67813646.1,0.02384066336
44,12143378.36,0.02290781698,42,11416422.65,0.02354203101,44,70645769.51,0.02290781698,42,68530694.58,0.02354203101
44,12390426.75,0.02264949487,43,11675886.8,0.02325129185,44,71311592.42,0.02264949487,43,69243241.53,0.02325129185
45,12637475.13,0.02239721387,44,11935350.95,0.02296810345,45,71973885.84,0.02239721387,44,69951426.61,0.02296810345
45,12903527.24,0.02213193904,44,12194815.1,0.02269212883,45,72683501.38,0.02213193904,44,70655422.33,0.02269212883
46,13150575.63,0.02189150435,45,12454279.25,0.02242306867,46,73338708.98,0.02189150435,45,71355349.49,0.02242306867
46,13397624.01,0.02165643199,45,12713743.41,0.02216061514,46,73990687.56,0.02165643199,45,72051392.68,0.02216061514
47,13663676.12,0.02140899915,46,12973207.56,0.02190451546,47,74689449.74,0.02140899915,46,72743630.26,0.02190451546
47,13929728.23,0.02116733473,46,13232671.71,0.02165450499,47,75384653.49,0.02116733473,46,73432207.4,0.02165450499
48,14214784.06,0.02091447626,47,13492135.86,0.02141034994,48,76125927.53,0.02091447626,47,74117219.37,0.02141034994
48,14518843.61,0.02065132679,47,13751600.01,0.02117181474,48,76912892.87,0.02065132679,47,74798798.68,0.02117181474
49,15050947.83,0.02020717672,48,14011064.16,0.02093869434,49,78278454.94,0.02020717672,48,75477021.66,0.02093869434
51,15564048.32,0.01979691983,48,14270528.31,0.02071078204,51,79583419.02,0.01979691983,48,76151997.65,0.02071078204
52,16077148.82,0.01940316539,49,14529992.46,0.02048789252,52,80877377.65,0.01940316539,49,76823800.02,0.02048789252
53,16590249.31,0.01902480642,50,15048920.77,0.02005644519,53,82161000.7,0.01902480642,50,78158261.41,0.02005644519
54,17122353.53,0.01864742291,51,15567849.07,0.01964302467,54,83482626.58,0.01864742291,51,79481042.85,0.01964302467
55,17635454.02,0.01829754821,52,16086777.37,0.01924641631,55,84746622.18,0.01829754821,52,80792746.88,0.01924641631
56,18148554.52,0.01796039107,53,16605705.67,0.01886553615,56,86001634.47,0.01796039107,53,82093870.51,0.01886553615
57,18661655.01,0.01763522487,54,17124633.97,0.01849937443,57,87248009.66,0.01763522487,54,83384954.89,0.01849937443
58,19174755.5,0.01732136451,55,17643562.28,0.01814704025,58,88486134.81,0.01732136451,55,84666395.71,0.01814704025
59,19706859.72,0.0170070018,56,18162490.58,0.01780769673,59,89762390.11,0.0170070018,56,85938638.63,0.01780769673
60,20219960.22,0.01671432492,57,18681418.88,0.0174805928,60,90984608.03,0.01671432492,57,87202038.16,0.0174805928
61,20733060.71,0.01643121461,58,19200347.18,0.01716501913,61,92199464.6,0.01643121461,58,88456998.8,0.01716501913
62,21246161.2,0.01615716852,59,19719275.49,0.01686034468,62,93407274.17,0.01615716852,59,89703810.83,0.01686034468
63,21759261.7,0.01589174048,60,20238203.79,0.01656596989,63,94608243.11,0.01589174048,60,90942814.83,0.01656596989
64,22272362.19,0.01563450008,61,20757132.09,0.0162813528,64,95802634.11,0.01563450008,61,92174278.38,0.0162813528
65,22804466.41,0.01537584961,62,21276060.39,0.01600597308,65,97035074.94,0.01537584961,62,93398532.79,0.01600597308
66,23317566.9,0.01513410112,64,21794988.69,0.01573937229,66,98216718.75,0.01513410112,64,94615781.76,0.01573937229
67,23830667.4,0.01489942046,65,22313917,0.01548110502,67,99392413.79,0.01489942046,65,95826303.61,0.01548110502
68,24343767.89,0.01467148171,66,22832845.3,0.01523076873,68,100562368.7,0.01467148171,66,97030304.87,0.01523076873
69,24856868.38,0.01444998823,67,23351773.6,0.01498797487,69,101726736.4,0.01444998823,67,98228044.52,0.01498797487
70,25369968.88,0.01423464642,68,23870701.9,0.01475237634,70,102885743.1,0.01423464642,68,99419690.47,0.01475237634
71,25883069.37,0.01402520046,69,24389630.21,0.0145236361,71,104039497.1,0.01402520046,69,100605464,0.0145236361
72,26415173.59,0.0138138804,70,24908558.51,0.01430144995,72,105231037.7,0.0138138804,70,101785516,0.01430144995
73,26928274.08,0.01361568724,71,25427486.81,0.01408551323,73,106374565.7,0.01361568724,71,102960093.7,0.01408551323
75,27441374.58,0.01342266833,72,25946415.11,0.01387556649,75,107513319.7,0.01342266833,72,104129288.8,0.01387556649
76,27954475.07,0.01323462124,73,26465343.42,0.01367134596,76,108647394.6,0.01323462124,73,105293297.1,0.01367134596
77,28467575.57,0.01305134605,74,26984271.72,0.01347261516,77,109776932.6,0.01305134605,74,106452239,0.01347261516
78,28980676.06,0.01287266146,75,27503200.02,0.01327913907,78,110902021.4,0.01287266146,75,107606301.1,0.01327913907
79,29493776.55,0.01269838335,76,28022128.32,0.0130907119,79,112022824.4,0.01269838335,76,108755567.2,0.0130907119
80,29987873.33,0.01253461957,77,28541056.62,0.01290712639,80,113097832,0.01253461957,77,109900195,0.01290712639
81,30500973.82,0.01236852398,79,29059984.93,0.01272819841,81,114210461.6,0.01236852398,79,111040262.1,0.01272819841
82,31014074.31,0.01220637434,80,29578913.23,0.01255373572,82,115319051.6,0.01220637434,80,112175958.6,0.01255373572
83,31527174.81,0.01204802449,81,30097841.53,0.01238357956,83,116423718.7,0.01204802449,81,113307315.4,0.01238357956
84,32040275.3,0.0118933426,82,30616769.83,0.01221756239,84,117524525.6,0.0118933426,82,114434473.6,0.01221756239
85,32553375.8,0.01174219934,83,31135698.14,0.01205553654,85,118621559.6,0.01174219934,83,115557492.4,0.01205553654
86,33066476.29,0.01159447612,84,31654626.44,0.01189734946,86,119714870.8,0.01159447612,84,116676514.2,0.01189734946
87,33560573.06,0.01145536125,85,32173554.74,0.01174287037,87,120764136,0.01145536125,85,117791575.7,0.01174287037
88,34073673.56,0.01131400701,86,32692483.04,0.01159196443,88,121850429.2,0.01131400701,86,118902786.2,0.01159196443
89,34586774.05,0.01117574251,87,33211411.34,0.01144451377,89,122933215.2,0.01117574251,87,120010173.4,0.01144451377
91,35099874.55,0.01104046677,88,33730339.65,0.01130038553,91,124012556,0.01104046677,88,121113919.5,0.01130038553
92,35631978.76,0.01090321891,90,34249267.95,0.01115948201,92,125128424.6,0.01090321891,90,122213979.1,0.01115948201
93,36164082.98,0.01076897839,91,34768196.25,0.01102168896,93,126240724.6,0.01076897839,91,123310469.2,0.01102168896
94,36715190.92,0.01063298879,92,35287124.55,0.01088690727,94,127389227.1,0.01063298879,92,124403424.8,0.01088690727
95,37342313.74,0.0104817743,93,35806052.86,0.01075503349,95,128692805.3,0.0104817743,93,125492950.6,0.01075503349
98,38311503.57,0.01025604362,94,36324981.16,0.01062598038,98,130692720.9,0.01025604362,94,126579051.7,0.01062598038
98,38767592.89,0.01015324345,95,36843909.46,0.01049965431,98,131625758.8,0.01015324345,95,127661817.4,0.01049965431
100,39503417.01,0.009989474296,96,37362837.76,0.01037597619,100,133142059.9,0.009989474296,96,128741243.3,0.01037597619
102,40476407.58,0.009780665197,99,38400694.37,0.01013621633,102,135130781.1,0.009780665197,99,130890413.7,0.01013621633
104,41449398.14,0.00957984835,101,39438550.97,0.009906097345,104,137104768.1,0.00957984835,101,133026898.3,0.009906097345
105,41838594.37,0.009501984397,103,40476407.58,0.009685048828,105,137887020.8,0.009501984397,103,135151085.5,0.009685048828
107,42616986.82,0.009347962675,106,41514264.18,0.009472557535,107,139463150.3,0.009347962675,106,137263216,0.009472557535
109,43589977.39,0.009161995374,108,42552120.79,0.00926813189,109,141419028.5,0.009161995374,108,139363688.8,0.00926813189
112,44660267.01,0.008965062355,110,43589977.39,0.0090713388,112,143556256.6,0.008965062355,110,141452655.6,0.0090713388
114,45633257.58,0.008792307268,113,44627833.99,0.008881760519,114,145489849.2,0.008792307268,113,143530426.2,0.008881760519
116,46703547.2,0.008608782733,115,45665690.6,0.008699019258,116,147607212.7,0.008608782733,115,145597182.7,0.008699019258
119,47773836.83,0.008431998514,117,46703547.2,0.008522751274,119,149711526.5,0.008431998514,117,147653238.5,0.008522751274
121,48746827.39,0.008276643846,120,47741403.81,0.008352633569,121,151615790.7,0.008276643846,120,149698707.3,0.008352633569
123,49817117.02,0.008111336447,122,48779260.41,0.008188351117,123,153701333.2,0.008111336447,122,151733860,0.008188351117
126,50887406.64,0.007951807539,125,49817117.02,0.008029621481,126,155774719,0.007951807539,125,153758809.4,0.008029621481
128,51860397.21,0.007811400524,127,50854973.62,0.00787616042,128,157651284.8,0.007811400524,127,155773924.1,0.00787616042
131,52930686.83,0.007661765227,129,51892830.23,0.007727728303,131,159706943.5,0.007661765227,129,157779211.5,0.007727728303
133,53903677.4,0.007530160974,132,52930686.83,0.007584080105,133,161564564.4,0.007530160974,132,159774950.6,0.007584080105
135,54973967.02,0.007389654578,134,53968543.44,0.007444997893,135,163601446.1,0.007389654578,134,161761245.7,0.007444997893
138,56044256.64,0.007253607986,137,55006400.04,0.007310263555,138,165628794.9,0.007253607986,137,163738392,0.007310263555
140,57017247.21,0.007133778928,139,56044256.64,0.007179688018,140,167461360.2,0.007133778928,139,165706441.2,0.007179688018
143,58087536.83,0.007005688293,142,57082113.25,0.007053080295,143,169470914.3,0.007005688293,142,167665639,0.007053080295
145,59157826.46,0.006881484041,144,58119969.85,0.00693027119,145,171471619.7,0.006881484041,144,169616058.3,0.00693027119
148,60130817.02,0.006771945761,147,59157826.46,0.006811082945,148,173280460.2,0.006771945761,147,171558065.6,0.006811082945
150,61201106.65,0.006654712072,149,60195683.06,0.006695372998,150,175264349.6,0.006654712072,149,173491606.9,0.006695372998
153,62174097.21,0.006551226206,152,61233539.67,0.006582987107,153,177058454.7,0.006551226206,152,175416955.2,0.006582987107
155,63244386.84,0.006440396259,154,62271396.27,0.00647378991,155,179026240,0.006440396259,154,177334200.6,0.00647378991
158,64217377.4,0.006342479756,157,63309252.88,0.006367642757,158,180806193.4,0.006342479756,157,179243620.8,0.006367642757
160,65287667.03,0.006237552261,160,64347109.48,0.006264428436,160,182758436.9,0.006237552261,160,181145235.1,0.006264428436
163,66357956.65,0.006135535005,162,65384966.08,0.006164023767,163,184702758.2,0.006135535005,162,183039285.9,0.006164023767
165,67330947.22,0.006045294457,165,66422822.69,0.006066324464,165,186462076.7,0.006045294457,165,184925773.5,0.006066324464
168,68401236.84,0.005948500707,167,67460679.29,0.005971207497,168,188391865.5,0.005948500707,167,186805172.7,0.005971207497
171,69374227.41,0.00586282225,170,68498535.9,0.005878588699,171,190138282,0.00586282225,170,188677302.5,0.005878588699
173,70444517.03,0.00577087047,173,69536392.5,0.005788364371,173,192053983,0.00577087047,173,190542463,0.005788364371
176,71514806.66,0.005681307029,175,70574249.11,0.00570044856,176,193962669.3,0.005681307029,175,192400689.5,0.00570044856
179,72487797.22,0.005601953058,178,71612105.71,0.005614747194,179,195690302.3,0.005601953058,178,194252281.3,0.005614747194
181,73558086.85,0.005516709777,181,72649962.32,0.005531185101,181,197585737.9,0.005516709777,181,196097221.7,0.005531185101
184,74531077.41,0.005441133344,183,73687818.92,0.005449679925,184,199301703.9,0.005441133344,183,197935732.5,0.005449679925
187,75601367.04,0.005359904562,186,74725675.53,0.00537016201,187,201184479.4,0.005359904562,186,199767831.9,0.00537016201
189,76574357.6,0.005287840331,189,75763532.13,0.005292549716,189,202889332.6,0.005287840331,189,201593895.7,0.005292549716
192,77644647.23,0.005210354977,192,76801388.73,0.00521678675,192,204759856.7,0.005210354977,192,203413783.4,0.00521678675
194,78617637.79,0.005141569078,194,77839245.34,0.005142802558,194,206453944.6,0.005141569078,194,205227760,0.005142802558
197,79687927.42,0.005067574261,197,78877101.94,0.005070539927,197,208312748.4,0.005067574261,197,207035837.7,0.005070539927
200,80660917.98,0.005001847688,200,79914958.55,0.004999933262,200,209996544.8,0.005001847688,200,208838305.9,0.004999933262
203,81731207.61,0.004931115939,203,80952815.15,0.004930933274,203,211844054.3,0.004931115939,203,210635106.4,0.004930933274
205,82704198.17,0.004868254871,206,81990671.76,0.004863482191,205,213517847.2,0.004868254871,206,212426458.5,0.004863482191
208,83774487.8,0.004800575212,208,83028528.36,0.004797535811,208,215354544.8,0.004800575212,208,214212280.8,0.004797535811
211,84844777.42,0.004734416633,211,84066384.97,0.004733029923,211,217185762,0.004734416633,211,215993095.8,0.004733029923
214,85915067.04,0.004669729043,214,85104241.57,0.004669932655,214,219011607.1,0.004669729043,214,217768597.2,0.004669932655
218,87179954.78,0.004595024855,217,86142098.18,0.00460819267,218,221165158.7,0.004595024855,217,219539064.9,0.00460819267
223,89223234.97,0.004478570209,220,87179954.78,0.004547770314,223,224622562.3,0.004478570209,220,221304502.4,0.004547770314
228,90974617.99,0.004382730033,226,89255667.99,0.004430705553,228,227564283.2,0.004382730033,226,224820818.6,0.004430705553
230,91753010.44,0.004341086163,232,91331381.2,0.004318434615,230,228870849,0.004341086163,232,228318267.8,0.004318434615
235,93504393.46,0.004249408129,237,93407094.41,0.004210665542,235,231810178.9,0.004249408129,237,231797789.2,0.004210665542
241,95547673.65,0.004146545447,243,95482807.62,0.004107145793,241,235215764.5,0.004146545447,243,235259738.7,0.004107145793
247,97590953.84,0.0040475958,250,97558520.83,0.004007628215,247,238605188.2,0.0040475958,250,238704912.7,0.004007628215
253,99634234.03,0.003952351623,256,99634234.03,0.003911897408,253,241978744.2,0.003952351623,256,242133607.7,0.003911897408
259,101677514.2,0.003860647178,262,101709947.2,0.003819732629,259,245335677.6,0.003860647178,262,245546875.3,0.003819732629
265,103720794.4,0.003772259945,268,103785660.5,0.00373095671,265,248677771.6,0.003772259945,268,248944695.2,0.00373095671
272,105861373.7,0.003682963611,274,105861373.7,0.003645384488,272,252166416.9,0.003682963611,274,252327814.1,0.003645384488
278,107904653.9,0.003600846189,281,107937086.9,0.003562857577,278,255479610,0.003600846189,281,255696394.4,0.003562857577
284,109947934,0.003521551017,287,110012800.1,0.003483212629,284,258779568,0.003521551017,287,259051234.8,0.003483212629
290,111991214.2,0.003444947759,294,112088513.3,0.003406315085,290,262066331.1,0.003444947759,294,262392347,0.003406315085
297,114131793.5,0.00336738779,300,114164226.5,0.003332026063,297,265498311.7,0.00336738779,300,265720299.2,0.003332026063
303,116175073.7,0.003295903645,307,116239939.7,0.00326022631,303,268759109.4,0.003295903645,307,269035152.1,0.00326022631
310,118218353.9,0.003226733934,313,118315652.9,0.003190787506,310,272008068.7,0.003226733934,313,272337737.9,0.003190787506
316,120261634,0.003159781851,320,120391366.1,0.00312361057,316,275245045.6,0.003159781851,320,275627844.4,0.00312361057
323,122402213.3,0.003091865617,327,122467079.3,0.003058586128,323,278625916.8,0.003091865617,327,278906051.7,0.003058586128
330,124445493.5,0.003029148942,334,124542792.5,0.002995623876,330,281839280.6,0.003029148942,334,282172284.3,0.002995623876
337,126488773.7,0.002968356288,341,126618505.8,0.002934622666,337,285041819.9,0.002968356288,341,285427312.4,0.002934622666
344,128532053.9,0.002909412695,348,128694219,0.002875506296,344,288233346.2,0.002909412695,348,288670861.5,0.002875506296
351,130575334.1,0.002852235948,355,130769932.2,0.002818188449,351,291414284.4,0.002852235948,355,291903444.9,0.002818188449
358,132715913.3,0.002794126445,362,132845645.4,0.002762599694,358,294736996.4,0.002794126445,362,295124873.6,0.002762599694
365,134759193.5,0.002740342073,369,134921358.6,0.002708652217,365,297896913.6,0.002740342073,369,298336273.4,0.002708652217
372,136802473.7,0.002688116582,376,136997071.8,0.002656293684,372,301046550.8,0.002688116582,376,301536907.7,0.002656293684
379,138845753.9,0.002637382956,384,139072785,0.002605452635,379,304186355,0.002637382956,384,304727375.2,0.002605452635
386,140889034.1,0.002588083559,391,141148498.2,0.00255607049,386,307316402.9,0.002588083559,391,307907697.3,0.00255607049
394,143029613.3,0.002537887119,399,143224211.4,0.002508084489,394,310586972.6,0.002537887119,399,311078365.8,0.002508084489
401,145072893.5,0.00249135075,406,145299924.6,0.002461445072,401,313697721.9,0.00249135075,406,314239198,0.002461445072
409,147116173.7,0.002446083598,414,147375637.8,0.002416096003,409,316799381.7,0.002446083598,414,317390634.5,0.002416096003
416,149159453.9,0.002402041851,422,149451351.1,0.002371993448,416,319891813.3,0.002402041851,422,320532432.2,0.002371993448
424,151202734.1,0.002359171675,429,151527064.3,0.002329079074,424,322975746.7,0.002359171675,429,323665558.3,0.002329079074
432,153246014.3,0.002317436647,437,153602777.5,0.002287319086,432,326050831.1,0.002317436647,437,326789372.8,0.002287319086
440,155386593.5,0.002274867839,445,155678490.7,0.002246664972,440,329264439.4,0.002274867839,445,329904458.8,0.002246664972
447,157429873.7,0.002235327833,453,157754203.9,0.002207080193,447,332322038.1,0.002235327833,453,333010650,0.002207080193
455,159473153.9,0.002196797137,461,159829917.1,0.002168518901,455,335371637.9,0.002196797137,461,336108660.3,0.002168518901
463,161516434.1,0.002159244488,469,161905630.3,0.002130951593,463,338413020.6,0.002159244488,469,339198044.6,0.002130951593
471,163559714.3,0.002122633382,477,163981343.5,0.002094338351,471,341446505.6,0.002122633382,477,342279328.3,0.002094338351
479,165602994.5,0.002086935505,486,166057056.7,0.002058652628,479,344471855.6,0.002086935505,486,345352044.8,0.002058652628
487,167646274.6,0.002052109568,494,168132769.9,0.002023846333,487,347490064.8,0.002052109568,494,348417727.4,0.002023846333
496,169689554.8,0.002018133534,503,170208483.1,0.001989904704,496,350500602.7,0.002018133534,503,351475129.3,0.001989904704
504,171732835,0.001984977336,511,172284196.4,0.001956791088,504,353503726.8,0.001984977336,511,354525034.3,0.001956791088
512,173776115.2,0.001952614626,520,174359909.6,0.001924481434,512,356499471.8,0.001952614626,520,357567207.4,0.001924481434
521,175819395.4,0.00192101603,528,176435622.8,0.001892942488,521,359488264.8,0.00192101603,528,360602393.3,0.001892942488
529,177959974.7,0.00188870093,537,178511336,0.001862154823,529,362612471,0.00188870093,537,363630128.4,0.001862154823
538,180100553.9,0.001857170952,546,180587049.2,0.001832089882,538,365729224,0.001857170952,546,366650931.3,0.001832089882
549,182630329.4,0.001820843162,555,182662762.4,0.001802729578,549,369407480.8,0.001820843162,555,369664372.9,0.001802729578
567,186814188.8,0.00176306336,573,186814188.8,0.001746011833,567,375460057.1,0.00176306336,573,375671537.2,0.001746011833
585,190900749.2,0.001709169337,591,190965615.2,0.001691840133,585,381344064,0.001709169337,591,381652172.4,0.001691840133
604,195084608.6,0.001656386279,610,195117041.7,0.001640053092,604,387346143.5,0.001656386279,610,387607831.8,0.001640053092
622,199171169,0.001607084596,629,199268468.1,0.001590513646,622,393181604.8,0.001607084596,629,393538656.3,0.001590513646
642,203355028.4,0.001558720222,648,203419894.5,0.001543074323,642,399136501.9,0.001558720222,648,399447364.5,0.001543074323
661,207441588.8,0.001513479938,668,207571320.9,0.001497628599,661,404927639.7,0.001513479938,668,405332854.4,0.001497628599
681,211625448.3,0.001469045055,688,211722747.3,0.00145405471,681,410837815.7,0.001469045055,688,411197002.6,0.00145405471
701,215712008.6,0.001427420892,708,215874173.7,0.001412252159,701,416587345,0.001427420892,708,417039983.6,0.001412252159
721,219895868.1,0.00138648309,729,220025600.2,0.00137211625,721,422456696,0.00138648309,729,422863587.8,0.00137211625
742,223982428.5,0.00134808642,750,224177026.6,0.001333564021,742,428167907,0.00134808642,750,428667458.5,0.001333564021
763,228166287.9,0.001310280228,771,228328453,0.001296506117,763,433999016.6,0.001310280228,771,434453058.2,0.001296506117
784,232252848.3,0.001274781082,793,232479879.4,0.001260871144,784,439673992,0.001274781082,793,440219925.5,0.001260871144
807,236436707.7,0.001239784508,815,236631305.8,0.001226573204,807,445470014.6,0.001239784508,815,445970795.4,0.001226573204
829,240523268.1,0.00120688782,838,240782732.2,0.001193557283,829,451112035.6,0.00120688782,838,451704080.9,0.001193557283
851,244707127.5,0.001174429002,861,244934158.7,0.001161752654,851,456874462.2,0.001174429002,861,457421526.7,0.001161752654
874,248793687.9,0.001143886273,884,249085585.1,0.001131105104,874,462484951.8,0.001143886273,884,463122678.3,0.001131105104
898,252977547.4,0.00111371897,908,253237011.5,0.001101550455,898,468216542.3,0.00111371897,908,468809612,0.001101550455
921,257064107.7,0.001085306019,932,257388437.9,0.001073045162,921,473797935.4,0.001085306019,932,474481126.5,0.001073045162
946,261247967.2,0.001057220512,956,261539864.3,0.001045534814,946,479499987.5,0.001057220512,956,480138701.7,0.001045534814
970,265334527.6,0.001030747871,981,265691290.8,0.001018981216,970,485052864.7,0.001030747871,981,485781070.6,0.001018981216
995,269518387,0.001004551775,1007,269842717.2,0.0009933244769,995,490727995.1,0.001004551775,1007,491412191.3,0.0009933244769
1021,273604947.4,0.0009798392013,1032,273994143.6,0.0009685403106,1021,496255600,0.0009798392013,1032,497028859.9,0.0009685403106
1046,277691507.7,0.0009559396801,1059,278145570,0.000944582537,1046,501771021.9,0.0009559396801,1059,502633119.5,0.000944582537
1073,281875367.2,0.0009322738056,1085,282296996.4,0.0009214199248,1073,507406201.5,0.0009322738056,1085,508224098.1,0.0009214199248
1099,285961927.6,0.0009099163288,1112,286448422.8,0.0008990109329,1099,512897495.2,0.0009099163288,1112,513803878.9,0.0008990109329
1126,290048487.9,0.0008882743259,1140,290599849.3,0.0008773301741,1126,518376792.9,0.0008882743259,1140,519371037,0.0008773301741
1154,294232347.4,0.0008668189986,1168,294751275.7,0.0008563426276,1154,523976549.6,0.0008668189986,1168,524926969.5,0.0008563426276
1181,298318907.8,0.0008465354241,1196,298902702.1,0.0008360259434,1181,529432421.3,0.0008465354241,1196,530470141.1,0.0008360259434
1209,302405468.1,0.0008268754509,1225,303054128.5,0.0008163406309,1209,534878845.7,0.0008268754509,1225,536004125.5,0.0008163406309
1239,306589327.6,0.0008073705958,1254,307205554.9,0.0007972726231,1239,540444513.7,0.0008073705958,1254,541525841.1,0.0007972726231
1268,310675888,0.0007889092785,1284,311356981.4,0.0007787905779,1268,545869159.2,0.0007889092785,1284,547037405.8,0.0007787905779
1297,314762448.3,0.0007710074877,1314,315508407.8,0.0007608777643,1297,551282598.7,0.0007710074877,1314,552536998.3,0.0007608777643
1327,318849008.7,0.0007536379813,1345,319659834.2,0.0007435031465,1327,556686715.3,0.0007536379813,1345,558027515,0.0007435031465
1357,322935569.1,0.0007367840681,1376,323811260.6,0.0007266527995,1357,562080505.6,0.0007367840681,1376,563506887.9,0.0007266527995
1388,327022129.5,0.0007204243871,1408,327962687,0.0007103023348,1388,567464703.5,0.0007204243871,1408,568976665.8,0.0007103023348
1419,331108689.9,0.0007045452478,1440,332114113.4,0.0006944407125,1419,572837780.1,0.0007045452478,1440,574434221,0.0006944407125
1451,335195250.2,0.000689119066,1473,336265539.9,0.0006790331495,1451,578203234.4,0.000689119066,1473,579885472.8,0.0006790331495
1483,339281810.6,0.000674136461,1506,340416966.3,0.0006640789043,1483,583558647.2,0.000674136461,1506,585324753.3,0.0006640789043
1516,343368371,0.0006595805413,1540,344568392.7,0.0006495542641,1516,588904366.1,0.0006595805413,1540,590754705.4,0.0006495542641
1549,347357632.3,0.0006457697979,1574,348719819.1,0.0006354465273,1549,594112858.8,0.0006457697979,1574,596174277.2,0.0006354465273
1582,351444192.7,0.0006320104723,1608,352871245.5,0.0006217357822,1582,599440415.1,0.0006320104723,1608,601585459.1,0.0006217357822
1616,355433454,0.0006189487664,1644,357022672,0.0006084127516,1616,604631798.6,0.0006189487664,1644,606986352.3,0.0006084127516
1650,359520014.4,0.0006059317462,1679,361174098.4,0.0005954601928,1650,609941344.6,0.0006059317462,1679,612378456.6,0.0005954601928
1686,363606574.8,0.0005932726496,1716,365325524.8,0.0005828705182,1686,615241170.5,0.0005932726496,1716,617759494.9,0.0005828705182
1723,367887733.3,0.0005803761631,1752,369476951.2,0.0005706208081,1723,620785154.6,0.0005803761631,1752,623134020.3,0.0005706208081
1761,372168891.8,0.0005678433123,1790,373628377.6,0.0005587093053,1761,626319600.5,0.0005678433123,1790,628497654,0.0005587093053
1801,376644648.4,0.0005551138382,1828,377779804,0.0005471193912,1801,632096285.6,0.0005551138382,1828,633852711.3,0.0005471193912
1848,381704199.3,0.000541154423,1866,381931230.5,0.0005358437976,1848,638620562.5,0.000541154423,1866,639197494.9,0.0005358437976
1926,390071918.2,0.0005190919311,1945,390234083.3,0.0005141818833,1926,649362222,0.0005190919311,1945,649860943.2,0.0005141818833
2006,398342338,0.0004984253931,2026,398536936.1,0.0004936533624,2006,659941884.6,0.0004984253931,2026,660484861,0.0004936533624
2089,406612757.8,0.0004788074612,2109,406839789,0.0004741691375,2089,670490838.4,0.0004788074612,2109,671078053.5,0.0004741691375
2173,414883177.7,0.0004601855846,2195,415142641.8,0.0004556782118,2173,681001597.2,0.0004601855846,2195,681632094.3,0.0004556782118
2260,423153597.5,0.0004424905222,2283,423445494.6,0.0004381100564,2260,691478226.7,0.0004424905222,2283,692151814.5,0.0004381100564
2349,431424017.3,0.0004256714125,2373,431748347.5,0.0004214147439,2349,701916867.1,0.0004256714125,2373,702632763.9,0.0004214147439
2441,439694437.1,0.0004096665146,2466,440051200.3,0.0004055294037,2441,712322957.7,0.0004096665146,2466,713081190.7,0.0004055294037
2535,447964856.9,0.0003944341447,2561,448354053.2,0.0003904136618,2535,722691708.6,0.0003944341447,2561,723491428.2,0.0003904136618
2632,456235276.7,0.0003799247382,2659,456656906,0.0003760171179,2632,733025660.9,0.0003799247382,2659,733866650.4,0.0003760171179
2731,464505696.6,0.0003661010941,2760,464959758.8,0.0003623034737,2731,743320872.1,0.0003661010941,2760,744202252.6,0.0003623034737
2834,472776116.4,0.0003529140935,2864,473262611.7,0.0003492222016,2834,753584573.6,0.0003529140935,2864,754506698.1,0.0003492222016
2938,481046536.2,0.0003403365703,2970,481565464.5,0.0003367481221,2938,763809346.5,0.0003403365703,2970,764770974.6,0.0003367481221
3046,489316956,0.0003283295088,3078,489868317.3,0.0003248408598,3046,773998801.5,0.0003283295088,3078,774999891.6,0.0003248408598
3155,497490076.8,0.0003169999362,3190,498171170.2,0.0003134743171,3155,784027272.4,0.0003169999362,3190,785188199.4,0.0003134743171
3268,505760496.6,0.0003060363494,3305,506474023,0.0003026101142,3268,794144170.9,0.0003060363494,3305,795343541.7,0.0003026101142
3383,514030916.4,0.0002955585084,3422,514776875.8,0.0002922294078,3383,804221059.7,0.0002955585084,3422,805457427.7,0.0002922294078
3502,522301336.2,0.0002855371659,3542,523079728.7,0.0002823015981,3502,814260574,0.0002855371659,3542,815533908.5,0.0002823015981
3630,530960952.3,0.0002755038713,3666,531382581.5,0.0002728081064,3630,824735456.9,0.0002755038713,3666,825566600.9,0.0002728081064
3795,541858446.6,0.0002635155301,3832,542250339.8,0.0002609833252,3795,837852511.4,0.0002635155301,3832,838649456.8,0.0002609833252
3964,552658641.9,0.00025229081,4003,553118098,0.0002498145488,3964,850781384.9,0.00025229081,4003,851658009.3,0.0002498145488
4138,563458837.2,0.0002416710563,4180,563985856.3,0.0002392505213,4138,863644499,0.0002416710563,4180,864600009.1,0.0002392505213
4317,574259032.5,0.0002316217284,4362,574853614.5,0.0002292573329,4317,876434304.3,0.0002316217284,4362,877466738.5,0.0002292573329
4504,585156526.8,0.0002220127386,4550,585721372.8,0.0002197888458,4504,889277000.5,0.0002220127386,4550,890269198.2,0.0002197888458
4695,595956722.1,0.0002129931598,4743,596589131.1,0.0002108201651,4695,901926852.6,0.0002129931598,4743,902994060.1,0.0002108201651
4891,606756917.4,0.0002044373549,4943,607456889.3,0.0002023145675,4891,914505857.8,0.0002044373549,4943,915647319.3,0.0002023145675
5094,617557112.7,0.0001963209373,5148,618324647.6,0.0001942484508,5094,927005744.4,0.0001963209373,5148,928219206.6,0.0001942484508
5302,628357308,0.0001886076307,5360,629192405.8,0.0001865837688,5302,939440127.7,0.0001886076307,5360,940726159,0.0001865837688
5514,639060204.2,0.0001813471244,5577,640060164.1,0.0001793066788,5514,951680545.4,0.0001813471244,5577,953149100.3,0.0001793066788
5735,649860399.5,0.0001743774517,5801,650927922.4,0.0001723879831,5735,963959796.8,0.0001743774517,5801,965496664.5,0.0001723879831
5961,660660594.8,0.000167749903,6031,661795680.6,0.0001658110444,5961,976156046,0.000167749903,6031,977758580.3,0.0001658110444
6194,671460790.1,0.0001614389483,6268,672663438.9,0.0001595487457,6194,988278261.5,0.0001614389483,6268,989946864.7,0.0001595487457
6432,682163686.3,0.0001554842958,6511,683531197.1,0.0001535887502,6432,1000206617,0.0001554842958,6511,1002048154,0.0001535887502
6678,692963881.6,0.0001497558883,6761,694398955.4,0.0001479096787,6678,1012165716,0.0001497558883,6761,1014069147,0.0001479096787
6928,703666777.9,0.0001443475566,7017,705266713.6,0.0001425017078,6928,1023924883,0.0001443475566,7017,1025994483,0.0001425017078
7187,714466973.2,0.0001391346408,7281,716134471.9,0.0001373367281,7187,1035721574,0.0001391346408,7281,1037852102,0.0001373367281
7454,725267168.4,0.0001341626278,7552,727002230.2,0.0001324134945,7454,1047427014,0.0001341626278,7552,1049611770,0.0001324134945
7732,736261961.9,0.000129330496,7830,737869988.4,0.0001277125424,7732,1059258367,0.000129330496,7830,1061286642,0.0001277125424
8047,748327044.9,0.0001242755588,8115,748737746.7,0.0001232256332,8047,1072150946,0.0001242755588,8115,1072865076,0.0001232256332
8598,768759846.8,0.0001163118733,8708,770473263.2,0.0001148360143,8598,1093623143,0.0001163118733,8708,1095751001,0.0001148360143
8868,778392453.4,0.0001127624013,9016,781341021.4,0.000110914098,8868,1103697404,0.0001127624013,9016,1107060662,0.000110914098
9169,788900751.5,0.0001090597568,9331,792208779.7,0.0001071655736,9169,1114563321,0.0001090597568,9331,1118263878,0.0001071655736
9490,799798245.9,0.0001053786877,9655,803076538,0.0001035715919,9490,1125748972,0.0001053786877,9655,1129389581,0.0001035715919
9818,810695740.2,0.0001018551091,9987,813944296.2,0.0001001331913,9818,1136836427,0.0001018551091,9987,1140408016,0.0001001331913
10173,822177028.9,9.83E-05,10327,824812054.5,9.68E-05,10173,1148415575,9.83E-05,10327,1151331296,9.68E-05
10581,835020504.4,9.45E-05,10674,835679812.7,9.37E-05,10581,1161255720,9.45E-05,10674,1162150945,9.37E-05
